name,age,sx,sy,zx,zy
张三,10,119.45436769887343,29.2080525919085,119.45436969887343,29.2280525919085
