name,x,y
张三1,119.45436769887343,29.2080525919085
张三2,119.45446769887343,29.2080525919085
张三3,119.45456769887343,29.2080525919085
张三4,119.45466769887343,29.2080525919085
张三5,119.45476769887343,29.2080525919085
张三6,119.45486769887343,29.2080525919085
